savings_amount,salary_above_3k,monthly_card_spend,num_giro_payments,has_insurance,has_investments,increased_balance,high_balance,recommended_product
187895.51930483387,0,2617.0568373590595,2,0,1,1,0,0
475406.4388985482,1,2469.787990719998,8,0,0,1,0,0
366264.9769638911,1,9062.545805210368,4,1,1,0,0,2
299730.58361432125,1,2495.461998495061,7,0,1,1,1,1
78853.30158077582,1,2719.49726128631,6,1,1,0,0,2
78841.26564776512,1,7593.982624179637,13,1,0,0,0,0
29983.72247193153,1,4497.3984245054,7,0,0,1,0,0
433221.8967416927,1,7767.105569551812,6,1,0,1,1,1
300956.3908598612,0,653.6615756438524,2,0,0,0,0,0
354328.2163202267,1,4875.711936733843,1,0,0,1,0,0
11271.662653605421,0,336.1360018328263,6,1,1,0,0,2
484985.01622883516,1,626.5320345535453,2,1,0,0,0,0
416388.8777594105,1,9064.37453344411,2,1,0,1,0,0
106957.2162284598,0,1392.4537111759516,1,0,0,0,0,0
91730.65863634321,1,5324.206822752171,3,0,0,0,0,0
92518.85041686347,1,4110.956026007066,7,1,0,1,0,0
152816.87923680933,0,3473.4332625884267,11,0,1,1,0,2
262853.45938448666,1,8998.333456872724,0,0,0,0,0,0
216540.56430241576,1,218.23396775489502,0,0,1,1,0,0
146323.34095882293,0,6637.896861755891,11,0,1,1,0,2
306314.59446646733,1,9633.944342135504,13,1,1,1,0,2
70607.43646536888,0,5601.681834618419,4,0,0,1,0,0
146780.17961907387,1,9368.224620330919,10,1,1,0,1,1
183814.55980355217,1,522.5787928602376,4,0,0,0,0,0
228578.92212430094,1,4187.9331907416135,10,1,0,0,0,0
392802.8047351138,1,2601.5779096205115,11,0,0,1,0,0
100637.2172970215,1,7308.209649807298,0,0,0,1,0,0
257602.9847683922,1,9812.970904972466,5,0,0,1,0,0
296614.8698621592,1,2565.3006244424782,0,0,0,1,1,0
24178.755947278863,1,6541.746014740745,4,0,0,0,0,0
304164.88109881774,0,1980.9763275974012,8,1,1,0,0,1
86091.53771995848,1,5653.302545716099,11,1,0,0,0,0
33460.74489965448,0,4639.324866883362,13,0,0,0,0,0
474493.8830894133,0,9720.053296315371,4,0,0,0,0,0
482850.38450420514,0,6085.272726964666,5,0,0,0,0,0
404390.2767101141,1,3495.063720868188,7,0,1,1,0,2
153002.27081751198,1,1140.9578488793338,10,1,0,1,0,0
49738.38488918555,1,1512.4682873493455,0,1,0,1,1,1
342432.28022956627,0,2253.169299512351,13,0,0,1,1,0
220636.09437606105,1,2509.6666134029797,1,0,1,0,0,0
61897.07918754464,1,8506.160578411378,8,0,0,1,0,0
248093.27814552383,1,5612.227882825249,2,1,1,1,1,2
18159.87203649398,1,5233.909113743664,5,0,0,1,0,0
454750.88063731225,1,1147.6887186921747,4,1,0,0,0,0
130131.21081840844,1,8601.39693349435,10,1,0,0,1,1
331598.619892637,1,7228.143032084838,1,0,1,0,1,2
156543.82696861608,0,676.6836190000158,13,1,0,1,0,0
260513.9425677276,0,7078.350972297687,14,0,0,1,0,0
273808.42939229653,1,5435.382173426461,6,1,0,1,0,0
93242.373307238,0,817.2534574677826,3,0,0,0,0,0
484822.72925451474,1,4583.006415286564,0,0,0,1,0,0
387791.27885719616,1,4846.9628713004695,12,1,1,1,0,2
469809.97184053034,1,1657.7454016327574,3,1,0,0,0,0
447518.84786339675,1,9456.981470002824,5,1,0,0,0,0
299352.08942673146,1,8499.753714806619,6,0,1,1,0,2
461015.2432765353,1,6690.223373291084,14,1,0,0,0,0
45157.75852390783,1,4622.955610006072,6,0,0,1,0,0
98795.44834715345,1,4117.655415845085,13,1,0,1,0,0
23568.417166358497,1,6509.734671509542,6,0,0,1,1,0
163339.83505086892,1,5454.318694069055,2,1,0,1,0,0
194949.96755505152,1,622.7310588188561,5,1,0,1,0,0
136403.16685517406,1,5125.026487703317,12,1,0,1,1,1
414540.0170668127,1,8064.036172328395,7,0,0,0,0,0
179019.91002010106,1,4592.39877596958,3,0,1,0,0,0
141186.320334003,1,519.5657755426842,12,1,1,0,1,1
271805.345495966,1,7862.781993840331,7,0,1,1,0,2
71321.18826240656,0,2013.6378213597438,1,1,1,0,0,2
401296.29339626577,0,2586.208348880388,14,0,0,0,0,0
38200.77119620564,1,1647.063534322959,9,0,1,0,0,0
493456.58136365813,0,3302.1506487149754,8,1,0,1,1,1
386350.13987903204,0,7567.51505688635,8,1,0,1,1,1
100159.12508555203,0,5193.8585950393735,7,0,0,1,0,0
3755.536444677597,0,2048.8127415071253,9,0,0,0,0,0
407915.25279896223,0,8778.30078152041,13,0,1,1,0,2
353721.81457996095,1,8795.818549515292,12,1,1,1,0,2
364774.57685245265,1,8705.784250460069,9,0,0,1,0,0
385863.9029962869,1,2387.962113815393,0,1,1,1,0,2
37948.28121531109,1,4512.393441809881,1,1,0,0,0,0
179874.39854359202,0,9849.89656140875,5,0,0,1,0,0
58818.66070303973,1,7720.124763099903,9,1,0,0,0,0
431688.6095119212,1,271.6742122555982,4,0,0,0,0,0
312025.7652869514,0,652.0459126049205,11,0,1,1,0,0
166118.11440147195,1,4639.3137681233275,13,1,1,0,0,2
32715.616792725792,1,9092.202058615601,8,0,1,0,0,2
156180.17853611545,1,5387.017979527142,4,0,0,1,0,0
163266.47769134678,1,4978.125080342902,1,0,1,0,0,0
365073.482990694,1,1054.736999566306,9,0,0,1,0,0
319141.17820625135,0,6567.8010472429405,3,0,1,1,1,2
443719.1585455869,1,8221.031606002254,8,1,0,1,0,0
236635.2476558127,0,3804.2000750756233,0,1,0,1,0,0
60677.52872321255,1,7756.118509253275,10,1,0,1,0,0
356909.1488242745,1,9644.766539008117,0,0,0,1,0,0
380631.73925983184,1,2037.6645912768909,11,0,0,1,0,0
281077.3215871786,1,5233.296311947413,6,0,0,1,1,0
385712.62279732595,0,2871.3795808457553,10,0,0,1,0,0
247404.00258583098,0,7928.5441903383935,2,0,0,1,1,0
261843.68186161504,0,5775.933658811575,9,0,0,0,1,0
214342.96816091627,0,6345.824175503038,1,0,0,0,0,0
13684.1442453035,1,7979.141596158941,8,0,0,1,0,0
54837.82206965892,1,3959.704726624549,2,1,0,0,0,0
16683.163657680394,0,9150.900684070431,1,1,0,0,0,0
318568.7952206264,1,5330.2886724614,11,1,1,1,0,2
157863.634557087,1,1579.54822835348,7,1,1,0,0,1
254776.77489118668,1,6958.991181688025,9,1,0,0,0,0
453875.6704891204,1,7932.613504382544,5,0,1,1,0,2
125396.8223452886,0,3167.6167706752667,5,0,1,1,0,2
205781.07859477925,1,8571.79256998753,9,1,1,0,0,2
378020.01813298126,1,9061.432547657663,10,1,0,1,0,0
115170.28458031961,1,2769.0448737780894,6,1,0,1,0,0
39412.97500456771,0,9835.21472715222,6,1,0,0,0,0
145585.97500397023,1,1407.1152804875842,10,0,0,0,0,0
81449.4223397482,0,2020.1566840248997,12,1,0,1,1,1
464919.12851894397,0,1842.2483923802613,14,1,0,1,0,0
404252.06940264406,1,8939.897100078704,5,0,1,1,0,2
317068.4744987013,1,6542.925523249619,3,1,1,1,0,2
435858.83450367115,1,1521.0428322227287,10,0,0,1,0,0
402032.3663726581,0,4403.234183683489,8,1,0,0,0,0
94098.45938413189,1,6152.98025069802,5,1,0,1,0,0
446386.9402464989,0,834.6408498938329,3,0,1,0,0,0
270131.7787159097,0,8824.163684073388,11,1,0,1,0,0
403912.6374268672,1,8036.035354415351,2,0,0,1,0,0
448149.5586618231,1,5052.067735766383,3,1,0,0,0,0
159683.73401096006,1,9671.266152591705,2,0,0,1,0,0
55915.9103393107,1,4177.609792750997,14,1,0,0,0,0
114739.6461084289,1,9841.103190364978,1,0,0,0,1,0
214126.7865245019,1,6679.199988036271,13,1,1,1,0,2
409189.3681953241,0,6346.712732539415,4,0,1,0,0,0
430504.5610449154,1,1659.54895295785,1,1,1,1,0,2
4469.113135064161,1,8819.27758304644,5,1,1,0,0,2
255862.9039862053,0,4274.896879206151,2,1,0,1,1,1
209288.09057124073,1,1622.3340578247935,5,1,0,1,0,0
111831.7974248944,1,126.07519975759041,14,1,1,1,0,1
60812.81829950772,0,5597.556836383826,10,0,1,0,0,0
169469.97053041036,0,5273.996221226763,9,0,0,1,0,0
471511.9422523471,1,7193.536223691585,8,0,0,0,1,0
162278.26307835686,0,8902.580530178022,0,1,0,0,0,0
259876.52024993967,1,794.0658464302952,5,1,0,0,1,1
351806.46048869373,1,7314.964903403624,8,0,0,0,0,0
182451.1715872677,1,1874.1194409758223,10,1,0,1,0,0
485919.25927775935,1,8581.77053157164,3,1,0,0,0,0
481261.2001761135,1,8190.635138616561,10,1,0,1,1,1
126639.36561685671,1,5407.937549855444,11,0,1,1,0,2
249127.00444030034,1,7102.427986233115,1,0,0,0,0,0
151138.27659856807,1,3143.501131837484,12,0,0,1,1,0
143135.40669435635,0,4711.678989328147,3,1,0,0,0,0
19406.586729911865,1,8216.368977104717,0,0,1,0,0,2
305172.6026559685,1,4592.651971732139,2,0,0,0,0,0
251836.83259120188,1,3577.982653254418,9,1,1,1,0,2
26687.896873744685,1,4942.124472502999,8,1,0,1,0,2
140044.58565406912,1,8282.492524372183,9,1,1,0,0,2
454224.6770973602,1,3352.0804737087274,4,0,1,0,0,0
120541.38344281923,1,1737.615931357438,14,0,0,1,0,0
73302.54117352032,1,7120.1402033078075,10,1,0,0,0,0
245236.92737850395,1,8259.782127080818,5,0,0,1,1,0
492839.57660118974,1,1006.3747852353333,2,0,0,1,0,0
121785.5804842387,1,2398.7411275594472,4,0,0,0,0,0
336395.6381555334,0,1419.719897609939,10,0,0,1,0,0
381048.1880490301,1,3479.414115821666,7,0,0,0,0,0
119581.13445220744,1,4503.5097890541265,5,0,0,1,0,0
364379.95795731794,0,7488.263369633065,3,0,0,1,0,0
184523.78322690737,1,6511.475848816741,1,0,0,0,0,0
316520.60946619615,0,6209.285674784312,13,1,0,0,0,0
317131.3256696865,1,3523.749466096544,8,0,0,1,0,0
268351.5673533045,1,8414.4755308476,12,1,0,1,0,0
46054.59525714974,0,4712.8716739816455,11,0,0,0,0,0
417815.94529902976,1,9791.049380151546,0,0,1,1,0,2
161069.25242089617,1,6341.421382957368,0,1,0,0,0,0
94072.73668952726,1,1262.6474156450274,12,0,0,0,1,0
21346.795635827195,0,6761.77562075434,3,0,0,1,0,0
295855.57865093264,0,3251.0401543169896,6,0,1,0,0,0
339104.61655929894,1,6863.271966860974,0,1,1,1,0,2
9277.32663500022,1,696.4114816240574,8,0,1,0,0,0
256534.4360913412,1,1748.8143717595938,3,0,0,1,0,0
114021.39182377105,0,8557.372589057863,2,1,0,0,0,0
322941.2224143155,1,2271.7955702351487,0,0,0,1,0,0
88008.84807349074,1,8370.411252429401,9,0,0,1,0,0
345777.9313131305,1,2792.760884544104,3,0,1,0,0,0
193980.93780396818,0,6428.819100587077,8,1,0,1,0,0
468428.2643796305,1,6941.50573509831,12,0,1,0,0,0
69622.95112885063,1,5126.547531450529,13,0,0,0,0,0
171192.109174079,1,3053.106766967313,9,0,1,1,0,2
57623.287099053945,1,2126.4437637109613,5,1,0,0,0,0
462422.11552100285,1,331.89354562426223,5,0,0,1,0,0
438792.33733710955,1,3039.464012407238,0,1,0,1,1,1
129712.87222986265,0,6531.62790531283,9,0,0,1,1,0
330332.03897105536,1,9383.048184484827,1,1,0,0,0,0
408793.8779004067,1,8712.04482263052,10,1,1,0,0,2
278045.2049881317,0,7660.6477653530255,5,0,0,0,0,0
265295.6385996472,1,7884.473432532986,1,0,0,1,0,0
121684.29315932539,1,6649.849034759953,2,0,0,1,0,0
47458.281135143705,0,2602.8685756600303,3,0,0,1,0,0
448710.66321871005,1,9071.950307058298,10,1,1,0,1,1
450308.6105245019,1,6707.32311905834,4,0,1,0,0,0
316917.6271793607,1,5604.4063098044,14,0,1,0,0,0
170175.86573330165,0,1109.8946921348108,8,0,1,0,0,0
175255.57773171779,1,4470.555438064254,11,1,1,0,0,2
363251.88375624944,1,4603.5827120192625,14,0,0,0,0,0
448658.019716336,1,8645.6360952267,14,0,1,0,0,0
443656.1257082935,1,5466.482201877885,3,0,0,0,0,0
390157.8973829543,0,3804.0054897040964,12,1,0,0,0,0
321373.7914309896,1,9768.003285106593,10,1,0,0,1,1
42985.842532529365,0,1107.2059332631568,8,0,1,0,0,0
81652.72833321228,0,4225.484283119446,10,0,1,0,0,0
449378.54007501254,1,420.2467517140529,9,0,0,1,0,0
303608.10077013535,1,7399.041207669304,2,0,1,0,0,0
5589.328756698194,1,9180.765521991507,7,1,1,0,0,2
51634.29989015002,1,2800.3732955048945,11,1,0,0,1,1
332087.3827849199,1,8583.416767991208,0,0,0,0,0,0
3525.7303392631247,0,2922.1823046189775,10,1,1,0,1,1
81243.21765733183,1,9107.701616439152,8,0,0,0,0,0
274818.16089392646,1,7539.619035967839,8,1,0,1,0,0
346255.70364865393,1,8049.067768414387,9,1,0,0,1,1
326328.66849179764,0,180.065556004545,1,0,0,0,0,0
112910.38542081934,1,9628.103570740259,3,1,1,1,0,2
356377.4314524204,1,7266.7099207032325,12,0,0,0,0,0
119387.29466090324,0,3047.5109538613333,7,0,1,0,0,0
163374.4493814746,0,8293.94664858847,6,0,1,1,0,2
373499.211153894,1,2815.2119841492995,0,0,1,1,1,0
325166.8166245601,1,8727.538395661279,4,1,0,0,0,0
424762.4818365948,0,1125.8039041193701,6,1,0,0,0,0
329148.83325787133,1,7036.859774607958,14,1,0,0,1,1
284585.99306440033,0,5406.9847664491035,3,1,0,0,0,0
47743.70914621815,1,965.3447019544082,14,1,1,1,0,2
184490.18572665734,1,2418.93828258839,14,0,0,0,0,0
133335.981473181,1,124.04036277314789,0,0,0,0,0,0
122750.8320461627,1,4687.679654645059,8,0,0,1,0,0
486532.26682147034,1,3012.6526076000036,13,1,1,1,1,1
197155.76460871345,0,5983.574842977589,4,1,1,0,0,2
446131.2310333795,1,2972.3780770861717,10,0,0,1,0,0
315938.1743726342,1,2999.191115069847,1,1,1,0,0,2
397610.8404672826,1,7431.931987316034,7,1,0,1,0,0
251815.90945949085,0,481.42835978353446,10,0,0,0,0,0
288875.0384285532,0,9028.949951919873,12,0,1,0,0,0
246766.32921561308,0,8522.638743911815,1,0,0,0,0,0
98426.25091122421,1,6678.046832264065,2,0,1,0,1,2
361503.60551549116,1,5932.215701073843,13,0,0,0,0,0
141105.40885798703,1,8923.024981396522,9,0,0,1,0,0
13133.667249295466,1,1853.3017952871444,0,0,1,1,1,2
323090.67565767677,1,789.6916219082862,10,0,0,0,0,0
89378.22902411742,0,2395.1016990953813,1,1,1,0,0,2
470288.83359210426,1,7945.782787001903,13,0,1,0,0,0
477010.3599242911,1,346.7026672648332,6,1,0,1,0,0
457517.3307200038,1,5828.068350834897,9,0,0,1,0,0
185709.19142746675,1,9954.3751619131,1,0,0,1,0,0
8712.851647904847,1,8556.960938375394,5,1,0,1,0,2
464230.96273127495,1,5214.456890435895,14,0,0,0,0,0
214663.89001033985,0,636.4090928664234,2,0,0,0,0,0
483360.7547027911,0,8313.735143857099,3,1,0,1,0,0
481846.36856753717,1,5989.7850817721055,10,0,0,1,0,0
426651.71827821265,1,1149.3299705956683,14,0,1,0,1,1
147929.99714272327,1,938.572848233562,12,0,1,0,1,1
193163.7665723607,1,9096.268194365925,7,0,1,1,0,2
425717.19908691157,0,6692.002629380784,13,0,0,0,0,0
159144.08057298255,0,8292.867993167556,2,0,1,0,0,0
85576.88059636015,1,8789.789002822674,9,1,0,1,0,0
278843.8299667167,1,5717.723520483222,5,1,1,0,0,2
468141.2323062297,0,5174.463517550413,0,1,1,0,0,2
348318.8685408115,1,4304.274103209902,6,1,0,1,0,0
285460.52387459314,0,3169.465877911193,7,1,0,1,0,0
49491.0703916135,1,4345.959608587118,10,0,1,1,1,2
307888.6061228857,0,7738.796557301564,13,1,1,0,0,2
495036.87120202737,1,6019.234310151316,7,1,1,0,0,2
70901.92360302548,1,8925.23289954846,2,1,0,1,0,0
259646.49652950463,1,4433.800143791877,13,0,0,1,0,0
438809.16289204976,0,6070.89578718754,9,0,0,0,0,0
370643.540259348,0,6313.075530919888,0,0,1,1,0,2
348810.8547566387,1,5916.971623063255,8,1,0,0,0,0
351539.55790956755,1,7026.3377308551635,12,0,1,0,0,0
180386.08445865783,1,2374.3346837480626,5,1,0,0,1,1
147502.3302879822,0,5123.637775457906,10,0,0,0,1,0
404871.21658377827,1,1042.2480280834768,8,0,0,0,1,0
405246.5839449112,1,3845.1132764481254,6,0,1,1,0,2
433669.0869714717,1,4876.670686212644,0,0,0,1,0,0
456707.0357256792,0,6522.242595454724,11,0,0,1,0,0
256159.85703160797,1,9505.310525862034,11,0,0,0,0,0
251256.6310489126,0,6006.510665483559,0,1,0,0,0,0
399349.2943044208,0,7435.939161765598,5,0,0,0,1,0
325332.0014581048,1,5062.660594952027,4,0,1,0,0,0
351281.471751594,0,6341.040313763313,8,1,0,1,0,0
398100.5420486144,1,709.3221613377343,1,1,0,1,0,0
445112.6655669656,1,2543.91580841847,7,1,1,1,1,1
169659.58326891638,1,3618.530932051387,10,0,1,0,0,0
188415.89336733206,1,4724.933550065136,4,1,0,0,1,1
47896.98798059363,0,456.48745502383736,1,1,0,0,1,1
289561.7903570908,1,1400.2409755331769,12,0,1,0,1,1
18935.194624574302,1,2768.143077913058,9,0,1,1,0,2
233333.41104809762,0,9715.326909010506,10,0,1,1,0,2
271779.67271908076,1,3313.470071030508,10,0,0,0,0,0
143984.08481201393,0,4820.410581120826,11,1,0,1,0,0
295825.79702393635,0,1960.9771273839294,5,0,1,1,0,0
16219.624719585665,1,6107.800710757682,9,1,0,0,0,0
19636.746185857995,0,2806.8321551597433,7,0,0,1,1,0
411477.6797691695,1,2069.925784384268,3,0,1,0,0,0
180735.1300642202,1,5165.726284459791,1,0,0,0,1,0
64403.195813290506,1,55.05799160420821,11,0,0,1,0,0
261599.38676734737,0,76.64032649225328,10,1,0,1,0,0
385226.78299620684,0,2190.688091018578,4,1,0,0,1,1
108694.69272092475,0,367.2136250082114,14,0,0,0,0,0
311822.34743368113,1,1080.2575413069137,11,0,1,1,0,0
43588.38503189023,1,3388.606493387516,1,0,0,1,0,0
26789.17886313524,0,8025.856795798129,1,1,0,1,0,2
266145.9611525058,1,5720.486433693009,14,0,1,0,0,0
270776.92568344314,0,5126.677259564164,5,0,0,1,0,0
319077.5208476051,1,2934.8882320812163,10,1,0,0,0,0
363319.5755276081,1,9317.537194328164,9,1,1,1,0,2
487950.18765180476,1,3970.150412371917,8,0,1,0,0,0
258633.87380229647,1,870.9276679577149,12,0,0,1,0,0
162155.27999768173,1,6170.665161178013,3,1,1,0,0,2
397797.91118958313,1,1138.3839347660141,5,1,0,0,1,1
136145.29337977504,1,3452.2314280169207,6,0,1,0,0,0
220046.7389321124,0,5074.119387178089,12,1,0,0,0,0
40149.734289790715,1,8742.225246851758,10,1,1,1,0,2
13650.020964313298,1,4935.465803401186,5,0,0,1,1,0
481361.5589242846,1,7022.5876603166425,7,0,0,1,0,0
418154.0801355907,1,9928.168389990704,3,0,0,0,0,0
348291.12884075526,1,1314.8911989798162,11,1,0,1,0,0
205067.51926272066,1,2747.3152551951953,14,0,1,1,0,0
87473.86571535205,1,3945.760755976464,0,1,0,0,0,0
79062.08429287194,0,4218.281785388313,6,1,0,0,0,0
125871.20618413307,0,4110.210752655457,2,0,0,1,0,0
275064.1056883541,0,9076.11002556555,13,1,0,1,1,1
357583.3654273311,0,7140.326444668564,5,1,1,1,0,2
330438.4909821479,1,6079.052140907038,1,0,1,0,0,0
140687.01457602548,0,3093.7271786278206,8,0,0,1,0,0
477477.7750509339,1,8237.903842212947,0,0,1,0,1,2
369210.5614311885,1,9550.60511484989,5,1,1,1,1,2
277622.67220318894,0,8211.982825502266,5,1,0,1,0,0
306248.65237094177,1,15.651051914729042,4,0,0,0,0,0
210380.43115146717,1,6364.01370183407,12,1,1,1,0,2
124617.76376107757,1,511.35381442100726,4,0,0,0,0,0
178630.36664697953,1,2576.0722033372185,0,0,1,1,0,0
379165.20912172017,1,595.2470034777168,9,0,0,0,0,0
8182.350826248178,0,6037.954529493877,11,0,0,0,0,0
58920.2476129512,1,6865.899134926068,4,0,0,0,0,0
23955.318368854623,1,1144.8763806590512,1,0,0,0,0,0
21323.6723571661,1,3838.388830449795,6,0,1,0,0,2
427874.8314214926,0,4562.36508955542,2,1,0,1,0,0
352125.2718306318,1,3690.530217609166,12,0,0,1,0,0
237612.74071457528,0,1210.2500048519305,14,0,1,1,0,0
49819.24616484974,0,4189.477901874754,3,0,0,0,0,0
246316.32168329935,0,7511.780478084182,2,1,0,1,0,0
237262.41361950227,1,710.0766453325547,2,0,1,0,0,0
87427.73308509757,1,801.8001408190345,3,0,1,1,0,0
217491.97296974855,1,3547.712918359842,4,1,0,0,0,0
199853.86246428936,1,9417.25711618925,0,0,0,1,0,0
308309.198928056,1,6685.72646722914,3,0,0,1,0,0
317911.73178295424,1,6786.699566725648,11,1,0,1,1,1
23606.700876250216,1,3619.1999083786495,11,0,0,0,0,0
187931.69469860915,1,5936.607912085385,10,0,0,0,1,0
313304.097941404,0,101.31184027743379,7,0,0,0,0,0
252064.99303146376,1,6360.960464095422,9,0,0,1,1,0
428388.43075297284,1,9132.869475762367,6,0,0,1,0,0
329688.12217785354,1,6125.734683448191,8,0,0,0,0,0
82304.27911363341,1,8736.985934663451,4,0,1,1,0,2
36213.80495281449,1,7239.730554660938,12,0,1,1,0,2
321567.2198249515,1,1205.5841640369024,14,1,0,1,1,1
14229.143960269284,1,9024.533072858418,9,0,0,0,0,0
293302.0150554582,1,664.4384435577489,3,0,0,0,0,0
470174.89047105383,0,5339.674725477637,7,1,0,0,0,0
288161.6147600636,1,1421.3712379345766,8,1,0,1,0,0
194696.79317705444,1,117.06610730904066,12,0,0,0,1,0
322000.82100273424,0,4220.34260127639,6,1,0,0,0,0
229668.1923552668,1,2950.407076541562,13,0,1,1,0,0
273262.77786865155,1,4860.00493797603,6,0,0,1,0,0
470790.93957948603,1,5771.998867345508,4,1,0,1,1,1
193665.21626258636,0,437.39072308947357,3,0,1,0,0,0
480634.09134813317,1,1230.0329512374565,13,0,0,0,0,0
452769.9703360758,1,5586.4239645042535,9,0,0,1,0,0
98699.77625985892,0,3431.6735317265825,0,0,0,0,0,0
35611.289136707564,0,7291.73487549448,9,0,0,0,0,0
51288.222687335896,1,6522.916485919397,9,1,1,0,1,2
10092.691000123314,0,8456.043629899068,6,0,0,0,0,0
48127.03741720827,1,6924.928266692253,0,1,0,0,1,1
341820.3799347621,1,4299.310773901481,0,0,0,1,0,0
36523.135581654264,0,6729.666223944324,4,1,0,1,0,2
160168.8395165869,1,2753.8117425541855,12,1,1,1,1,1
422592.7801737578,1,3063.1349877821267,8,1,1,0,0,2
12612.695932177106,1,7889.851599207933,5,0,0,0,0,0
407419.77281187894,1,4464.195164015821,2,0,0,0,0,0
141645.53261192655,1,7983.803405183525,12,0,0,1,0,0
59964.24898320647,0,8224.223736682785,2,1,1,0,0,2
348671.8455167112,1,8575.623376612837,6,1,0,1,0,0
314842.4805431621,1,9166.352358412074,5,0,0,1,1,0
438858.5347499994,0,4309.852205132963,8,0,0,0,1,0
367800.450858139,1,3188.668183211388,5,0,0,0,0,0
401936.9842620394,1,5821.987465941139,4,1,0,1,1,1
141735.25171308193,1,3711.724234376276,9,0,0,1,1,0
89542.33234608169,0,6010.74166800233,6,1,0,0,0,0
375556.7610687883,1,7055.858626438247,0,1,0,0,0,0
403610.53489436477,1,6884.050184921369,11,0,0,1,0,0
495262.065858336,0,3745.5288702012135,6,0,1,0,0,0
206896.2207788018,0,1668.6020169875283,2,0,0,0,0,0
186637.0248105988,0,4305.293384622075,13,0,0,0,1,0
388430.0674102564,1,1425.9414408190873,8,0,0,1,0,0
171060.9665862559,1,8900.970351838083,14,0,0,0,0,0
465447.9054761788,1,3458.7746073785743,5,1,0,0,0,0
429347.96316966286,1,1544.5974722332378,8,0,1,0,0,0
215068.01966013416,0,254.47759905750877,12,0,0,1,0,0
375684.6628279572,1,6458.223862864843,14,1,1,1,0,2
377516.8941682565,1,6369.023174547432,4,1,0,1,0,0
52458.81054913037,0,3406.0416658129166,6,0,0,1,0,0
451373.9004331038,0,717.11888847651,12,0,0,1,0,0
253120.93385148072,0,4096.28894895232,13,0,0,0,0,0
413402.27558776306,1,3112.1749506339356,3,1,1,0,0,2
160704.75091427527,1,6771.2063973500935,14,1,1,1,0,2
447866.09101960406,1,6057.792494526903,6,1,1,0,0,2
195211.6376883474,1,3645.9372819754,12,0,1,0,0,0
6407.988088668882,1,2178.925542549901,0,1,1,1,0,2
452785.6062332126,1,9880.359661555918,6,0,0,0,1,0
46552.05171628064,1,4540.016211961149,7,0,0,0,0,0
160337.505157617,0,6882.742357802371,4,0,0,1,0,0
475080.92155835166,0,1405.5296757836077,1,0,0,1,1,0
475352.9663218405,0,4855.896996593978,4,0,1,0,0,0
287145.50617351977,0,275.36719869465486,5,1,0,1,0,0
316286.76887272985,1,5054.551179104499,11,1,0,1,1,1
224774.31546718156,1,9640.174071177024,1,0,0,1,0,0
147312.1750773342,0,3842.0671298580023,13,0,0,0,0,0
165003.60813958806,0,389.9601257491159,5,0,0,0,1,0
336586.7095824422,1,309.5579091934353,5,0,0,1,0,0
376434.89018940233,1,3879.867599468695,0,0,0,1,0,0
395997.9428191984,1,1600.2493646319404,13,1,0,1,0,0
395019.4532544824,1,233.5209632818591,0,0,0,0,0,0
46511.84542129649,0,7562.136139501768,13,0,0,0,0,0
247715.73204658815,0,4585.230088818907,10,0,0,1,0,0
29721.821248305496,1,2892.447719726545,9,1,0,0,1,1
275214.91227954405,1,9000.831830164807,2,1,0,1,1,1
221323.72018531512,0,1161.3896020052562,13,1,0,0,1,1
443964.3871963916,1,9559.188289553193,9,1,0,0,0,0
176106.59126348727,1,3139.6671737735282,9,0,0,1,0,0
59416.44119737532,1,8884.036723086812,14,0,0,1,1,0
72352.8493443651,1,6029.428764794616,11,1,0,0,1,1
380993.80522701866,1,8267.073597414874,2,0,0,0,0,0
309490.8135948143,1,9840.131632104643,3,0,1,1,0,2
51460.215385272335,1,2884.054378187457,1,0,0,0,0,0
42969.29625138372,0,9611.35485407593,8,0,1,1,0,2
350783.59659810085,0,3894.8189490242034,9,0,0,1,0,0
37308.74017573257,1,3855.119047369223,11,0,0,0,1,0
411108.16958588775,1,3403.8710425450568,10,1,0,1,0,0
353414.8713510916,0,5414.076073475852,13,0,0,0,0,0
41593.04154030798,1,1541.450431784871,6,0,0,1,0,0
43334.01932851077,1,5537.114853580112,6,0,0,0,0,0
493333.1496720865,0,5417.04812410004,14,0,0,1,0,0
187761.12708230404,1,7619.0181260487,5,0,0,0,0,0
185950.43138637856,1,8336.499619375856,14,0,0,0,0,0
406586.9840614938,1,4404.41350312424,2,0,0,1,0,0
473677.0401145455,0,3023.3324935149376,5,0,0,1,0,0
493014.5308476126,1,2593.3489731709446,14,0,0,1,0,0
376935.71444421186,1,1946.2383670487193,13,0,1,0,0,0
188753.53317992698,1,576.4758219902488,11,0,1,1,1,1
42666.857632635714,1,3424.4797883471333,7,0,1,0,0,2
388796.311047791,1,2702.4769213078325,7,0,0,0,1,0
279643.7206181667,1,9664.173858664073,10,1,1,1,0,2
212686.78261424118,1,5577.088262500439,12,0,1,0,1,1
453270.8381622732,1,3472.7703903050756,8,0,0,1,1,0
56487.54367076952,0,5804.676009936959,14,0,0,1,0,0
246819.92704113873,1,1391.967013456955,0,1,1,1,0,2
6665.468738942115,1,4440.437492022029,13,1,0,1,0,2
234861.660355069,1,6262.3432142106385,0,1,0,1,1,1
29095.334565236837,0,4888.978317924514,2,1,0,0,0,0
60290.14021776789,1,4017.7880065432423,2,0,0,1,0,0
59645.59714177534,1,9938.483888996981,9,1,1,0,0,2
324955.9407559157,1,8803.14762148927,7,0,0,0,1,0
373276.3947534462,0,6234.059581594401,14,0,0,1,0,0
292101.01378348266,1,5693.773611822828,9,0,0,1,0,0
481124.1016887964,1,6206.60479824584,0,0,0,1,0,0
188060.41918232833,0,2013.1210782243325,12,1,0,0,0,0
143570.3310546485,1,3951.3774326431862,1,0,0,1,0,0
434430.9649665407,1,394.59532890899317,1,1,1,0,0,2
112574.32342120686,1,4755.460374868267,2,0,0,1,0,0
481648.047180865,1,5430.245839576632,12,0,0,1,1,0
7065.082870218354,1,2277.497361032096,5,0,0,1,0,0
484969.53452711186,1,9640.288471655138,0,0,0,0,0,0
22536.79606333748,1,9094.54610937242,1,1,1,0,0,2
445680.4137353375,1,7221.432354559059,12,0,1,0,0,0
264322.8534340636,1,5333.8662876536255,14,0,1,1,0,2
496489.43326353084,1,8699.691596476849,12,1,0,1,0,0
37824.48580296403,1,1306.523438234629,0,0,0,0,0,0
277373.2879162591,1,7905.09794274885,4,1,0,1,0,0
484681.9652739304,1,1248.208139668483,12,0,0,1,0,0
262025.82424090427,1,7942.106625494054,12,0,1,1,1,1
315069.920429496,1,2757.6756825135694,6,0,1,1,0,0
348178.59580332396,0,8770.90581018189,7,0,1,1,1,1
227815.99131911885,1,9440.420938253978,9,0,1,0,0,0
314151.48196194763,0,1487.9596940511562,0,1,1,0,0,2
292572.841649627,1,4626.756050653935,6,1,0,0,0,0
450677.8472350035,1,9809.873781626851,12,1,0,1,1,1
23677.743790387478,1,4834.074359731466,4,0,0,1,0,0
141200.63160652292,1,8635.475225145452,9,0,0,1,0,0
475255.3305542028,1,5887.315221313199,0,0,0,0,0,0
445241.62816156726,1,3753.2990791960187,2,0,0,0,0,0
228372.71964007075,0,2857.8355552587022,6,1,1,0,0,1
310446.1663029668,1,2032.2309108608727,9,0,0,0,0,0
139413.21030758522,0,7617.981913776972,0,0,1,1,0,2
94872.45870215689,0,3865.4050682302786,6,0,1,1,1,2
232385.5040650511,1,5112.754622007512,4,1,0,1,0,0
177322.76178500036,1,4923.2548000118195,0,0,0,1,0,0
292244.39981358516,1,5772.790292331312,0,0,0,0,0,0
39789.583845527435,1,8655.771456245522,13,0,1,0,1,2
487223.0090254171,1,9807.393435834294,0,0,1,0,1,2
493119.16149532184,1,4075.8420857381693,10,0,1,1,1,1
349382.69529585284,1,8275.18922106303,8,0,0,1,0,0
268512.0868057161,1,7645.277946547177,10,1,0,0,1,1
155454.28052687756,0,5735.289514555732,12,0,0,0,0,0
407083.7148337674,1,9560.471436119331,2,1,1,0,0,2
342680.85510438576,1,2004.7451552840278,14,1,0,0,0,0
82145.85273310076,1,1092.6421030962142,12,1,0,0,0,0
455552.6650624274,1,8539.619669554222,4,0,0,0,1,0
411446.0842186613,1,4391.498166337483,10,0,0,0,0,0
474950.1567326701,1,8469.688542070604,9,1,0,1,0,0
363134.03468579164,1,8930.90205195415,11,1,0,1,0,0
307094.18277195917,1,624.5759361907144,8,0,0,0,0,0
209703.2751090188,1,8834.647629860607,5,1,0,0,0,0
466431.5131936526,1,4483.190553694222,11,0,1,0,0,0
433165.88086070376,0,5104.324890042322,8,0,1,0,1,1
23564.116382988515,0,6265.925110932102,7,0,0,0,0,0
14157.12027412875,0,9263.826067300868,7,0,1,1,0,2
188855.22007214674,1,191.1609442976403,0,0,0,1,0,0
405466.1120601346,1,4768.434683178171,12,1,0,1,0,0
493650.7885281573,0,6877.220424305607,8,0,1,0,1,1
76058.02866066057,1,7227.069576982284,5,0,1,1,0,2
297471.22696071543,0,6925.32431537108,8,0,1,0,0,0
191064.53745887973,1,1344.3512940812186,2,0,0,0,0,0
484987.284509487,1,2993.9558837168124,11,0,0,1,0,0
421217.34264471865,0,3587.1552541701344,2,1,1,1,0,2
419326.0236508578,1,8044.37207679505,5,1,0,1,0,0
234877.88673769016,0,2787.59872414553,8,1,0,1,0,0
207994.93166649493,0,2107.0496386720315,6,1,1,1,0,1
137430.1288934224,1,9574.480190380962,13,0,1,1,0,2
29131.37282881263,1,88.63285113468899,12,0,1,1,0,2
432496.4657512716,1,9978.208556819782,2,0,0,1,0,0
406637.6035559087,1,6768.212988573956,2,0,1,1,0,2
499859.11896977917,1,8284.69299449117,1,1,0,1,1,1
498321.7816998788,1,2946.1939634619316,8,0,0,1,0,0
278160.4210957111,0,143.1527766705998,12,0,0,0,0,0
384724.72017507476,1,7378.6951856153,14,1,0,1,0,0
472438.0992113316,0,8341.445970006758,2,1,0,0,1,1
424974.0479480283,0,7404.761319535191,10,1,0,0,0,0
124426.70276985563,1,1428.502873008386,4,0,0,0,1,0
225821.52351973666,0,7534.279222569691,13,0,0,1,0,0
65450.548160595994,1,7689.22782107641,13,0,0,1,1,0
477071.4626021025,1,6585.405156700549,8,0,0,0,1,0
303481.1425909891,0,7661.159327955862,7,0,0,0,0,0
115092.7599462279,1,8459.21439677732,1,0,1,0,0,0
336178.6415185225,0,6136.0411423745845,2,1,1,1,0,2
309445.99198849004,1,886.0471396967906,1,0,0,0,0,0
179723.1962983874,1,4876.278096672108,7,1,1,0,0,2
57665.23850761488,1,776.4933467160506,5,1,0,0,0,0
336115.024600807,1,4075.4303103243083,5,0,0,0,0,0
260633.54275099287,0,4071.0648912562765,11,1,1,0,0,2
386386.87747608405,1,660.0984414024158,14,0,0,1,0,0
260561.5870548847,1,3488.205339694793,8,0,1,0,0,0
426238.5686589515,1,1109.9809879131483,7,1,0,1,0,0
276401.5125484683,1,8082.352100092222,3,0,1,0,1,2
280908.04779615777,1,9476.880259644708,14,1,0,0,0,0
438450.14772651414,0,723.164752579386,11,0,0,0,0,0
202337.95023998612,0,9551.152072917013,3,0,0,1,0,0
67873.59899686972,1,5225.765993367451,8,0,1,1,0,2
15362.555480356148,1,2995.656779538739,0,0,0,1,0,0
377813.4905811359,1,768.6207527616351,12,0,1,1,0,0
310534.46612537885,1,5006.242680704178,1,1,0,0,1,1
352335.80428151257,1,7945.1554449074865,1,1,0,1,0,0
107269.11659294646,0,7070.8647726669815,12,1,0,1,0,0
69049.3663177981,1,502.26011463973765,12,0,0,0,1,0
8257.788168273082,0,729.0183536790352,5,1,1,1,0,2
175943.1918444919,1,4028.732826326371,14,1,0,0,1,1
295368.9257404619,1,2952.9049404794328,3,1,0,0,1,1
196729.77850476644,1,2323.8432305604783,12,0,0,0,0,0
219299.9860898408,0,2810.044989087136,10,1,0,0,0,0
452175.1885523805,1,8034.827432968847,9,1,1,1,0,2
174779.47804462689,1,9292.28053631854,12,0,0,0,0,0
257480.75509074557,1,4051.0269452756643,2,1,0,0,0,0
392042.8533578304,0,9061.11002132497,2,0,1,0,1,2
198874.84837831382,1,3214.9570124788197,2,0,1,1,0,2
311421.2634137089,1,4764.369863437916,5,0,0,1,0,0
431319.49066462583,0,2260.289978159997,13,0,0,0,0,0
474810.7912051634,0,6404.760421758439,7,0,0,0,0,0
74389.66698358994,0,9789.811151748088,10,1,0,0,0,0
463367.2249555857,1,6034.930960433787,6,0,1,1,0,2
246566.03024668957,1,3578.1408411354887,13,1,0,0,0,0
129863.94976118022,1,6478.174459905284,3,1,0,0,0,0
230108.7423628924,0,1229.2067846538757,10,0,0,0,0,0
490036.255067453,1,8886.590802653986,11,1,0,1,0,0
246816.42890244193,1,5030.839507798363,3,1,0,1,0,0
165047.0535334666,1,4493.49742039642,10,1,0,0,0,0
317067.02630404616,1,5858.647884535192,9,1,0,0,0,0
120832.66377031834,0,6247.838627894024,14,1,0,0,0,0
38855.80072622329,1,717.7580622651303,10,1,0,1,0,0
65310.981233413964,1,6826.172212234024,10,0,0,1,0,0
64894.873639928446,1,2419.316803155296,13,1,0,1,0,0
76799.44406263488,1,7139.526325065898,10,1,0,1,0,0
70274.75915205566,1,8225.347943841967,1,0,0,0,0,0
320796.4976568041,1,8039.585075525203,13,0,0,1,0,0
91758.16211517327,0,5525.009674078891,0,1,0,1,0,0
173487.97437860773,0,5201.698923107511,8,0,0,0,1,0
448497.4165430999,1,1428.7596133941172,11,1,1,1,0,1
237506.8584911733,1,7753.461504031356,14,0,1,0,0,0
334111.31152199255,0,2714.093804467144,11,0,1,0,0,0
86987.61572961329,0,4966.954228179466,1,0,0,1,0,0
96952.22038552671,0,2842.740929275167,12,0,1,1,1,0
21393.439516972954,1,1338.2836299969315,7,1,0,1,0,0
85298.59647301011,0,6295.576968917366,14,1,0,0,1,1
140016.57917694736,1,543.3203482290382,8,1,0,1,0,0
89328.23165409666,0,7486.452341262,3,0,1,1,0,2
45262.56434477075,1,3175.8679526111664,7,0,0,0,0,0
61197.2996791998,0,1.3469300448532007,8,1,0,1,0,0
230928.60524833016,1,5111.291392372298,9,1,1,1,0,2
103960.52548449046,0,468.51908527603126,9,0,1,0,0,0
182770.66066298966,1,2761.695578208995,4,0,0,1,0,0
252205.2181565736,0,7069.764874557161,12,0,0,0,0,0
345507.01948605326,1,626.8962162186587,13,1,0,0,1,1
20616.75778070837,1,8393.384923560023,6,1,1,0,0,2
399905.7890556123,1,38.199226585831084,9,0,0,1,0,0
314322.29435596295,1,2468.2386920190224,3,0,0,0,0,0
41797.75694248708,1,7409.040561520715,0,1,1,1,0,2
436915.73342928186,1,3162.701497293068,2,0,0,0,0,0
460515.3278653748,1,1018.9238806601353,4,0,0,1,0,0
31477.90196757701,1,3602.3391880042786,2,0,0,1,1,0
139161.94642545466,1,2703.9328638452553,11,0,0,1,0,0
403294.4386167376,1,8427.11902160555,12,0,0,0,0,0
374381.5855014455,1,3133.479175851431,10,1,0,1,0,0
93075.98865883228,1,7889.324717760072,6,1,0,1,0,0
105465.31234501844,0,8918.721448107348,11,1,0,1,0,0
185865.5792928996,1,4338.174195765296,8,1,0,0,0,0
242776.96961031965,1,9099.43143854392,14,0,1,1,0,2
309509.1309936177,0,3773.1805396319282,11,1,1,0,1,1
185087.90614531643,1,9640.784164901082,5,0,0,1,0,0
231804.8233504408,0,892.8952452557293,12,1,0,1,0,0
373987.9981287445,1,6870.192665032428,9,1,0,0,0,0
19304.918242408352,0,4938.140404569287,0,0,1,0,0,2
126966.03522766636,1,3876.4880545564706,6,0,0,0,0,0
356961.4433563917,1,6327.118787486009,14,0,1,1,0,2
447708.21200591244,1,7038.570916343312,2,0,0,1,0,0
256327.04361571738,1,43.63269650309087,4,0,1,0,1,0
266524.6291473925,1,1669.5308874719872,9,1,1,0,1,1
54478.83365854825,1,7130.460506343187,3,1,1,0,0,2
224258.77104490387,0,6663.854135782065,9,0,0,0,1,0
266776.0159610566,1,9660.475051286772,4,0,0,0,0,0
121992.7813137301,0,7610.37790250783,4,0,0,1,0,0
135352.3722437411,1,9507.72707731338,5,1,0,0,1,1
189264.7973892067,1,7025.405015348069,13,0,0,1,0,0
11015.527691085457,1,2980.5220863944314,9,0,0,1,0,0
161717.50362600596,1,1053.6492225085647,11,0,0,0,0,0
106512.55549127578,1,7818.238633449356,9,0,0,1,0,0
164421.1787367794,1,6441.492214759159,12,0,0,1,1,0
60761.30377780636,0,481.86012393296227,12,1,0,0,0,0
445373.11308920756,1,3600.504659009783,10,0,1,0,0,0
297202.6343234703,0,9567.998154842862,5,1,0,0,0,0
339872.0572531003,1,5004.011457102012,7,0,0,0,0,0
394796.4480650618,1,4327.291360197047,7,1,0,0,0,0
249722.65726559958,1,4576.99605159294,10,1,1,0,0,2
44373.22375562442,0,2088.827240051637,8,0,0,0,0,0
269016.16436745535,1,3687.071708647952,7,0,0,0,0,0
293833.7178924187,0,3698.1325598717663,12,0,0,0,1,0
372974.2976179807,1,523.550201874724,10,1,0,0,0,0
216398.11356861002,0,7675.676285179183,1,0,0,0,0,0
64662.57109498631,1,4165.04431903879,13,1,1,1,0,2
142604.1769935635,1,8221.798868164233,13,0,1,0,1,1
182178.06590291893,1,8503.480011198953,11,1,0,1,1,1
323312.703424469,1,2119.9405469865806,9,1,0,0,0,0
285818.374029787,1,6573.534821701286,11,1,0,1,0,0
178692.26622302528,1,4722.818041629817,10,0,0,0,0,0
493271.1091476969,1,8801.56737921485,14,0,0,1,0,0
303281.6348590867,1,2157.406791764541,0,1,0,1,0,0
119376.16907626124,1,6778.1320031004425,9,0,1,0,0,0
51789.453837581466,1,6077.521222527225,1,0,1,1,1,2
77276.71045298169,1,2953.0147757183277,1,0,0,1,0,0
123732.90646386956,0,1366.0090365117262,11,0,0,0,1,0
81180.00525651829,1,6516.397604772766,2,0,0,1,0,0
94096.94500160158,0,7385.974581323307,9,0,0,1,0,0
143262.4891782297,1,3156.2734376335,6,0,0,0,0,0
87513.42405208266,1,6448.326040223138,1,1,0,0,0,0
448485.94688858616,1,3951.309076115033,13,1,1,1,0,2
41036.63908515946,1,7132.068832826178,0,1,1,1,1,2
262731.1833955571,1,1992.1527489405312,13,1,0,1,1,1
205788.0166678411,1,8902.150026361744,5,0,0,1,1,0
491206.92983739456,1,2874.095964655797,8,0,0,0,0,0
56907.41218185812,0,3677.859877561529,14,0,0,1,1,0
199529.94392382508,1,580.9195208034978,2,0,0,0,0,0
484765.74620440905,0,1115.1221232127639,5,1,0,0,0,0
432888.0558210962,1,5158.619027123281,2,0,0,1,0,0
408718.96340369066,1,2675.926767279715,13,0,0,1,0,0
129693.51069542498,1,8354.802257421943,12,0,1,0,0,0
86272.90610764285,1,146.93388654953844,0,0,0,1,0,0
334652.96674229106,1,3790.940486719362,13,1,0,0,1,1
464758.61857466534,0,3373.4554676909265,12,0,0,0,0,0
278824.68361395097,1,193.27630917601036,11,1,0,1,0,0
286234.73204548005,1,1243.6839900051023,4,0,0,0,1,0
140709.5677364818,1,4136.426749186353,9,0,1,0,0,0
384976.9736627765,1,4928.645844474467,13,1,1,0,1,1
94334.83053020416,1,4042.897472548691,12,0,0,1,0,0
162515.9389657176,0,5309.376784120938,10,1,0,0,0,0
213292.78286959196,1,5951.316749056815,3,1,0,0,0,0
254297.57896354306,1,99.2382112783563,6,1,0,1,0,0
121962.45647512504,0,4640.951594535039,5,1,1,0,0,2
58303.575544862564,1,9634.992408875883,9,0,0,0,0,0
305699.40117837465,0,5190.322801295487,6,1,0,1,0,0
145026.64606688762,0,6775.422674589532,4,0,0,0,1,0
291037.8724898835,0,3118.638579168832,14,1,0,1,0,0
78026.99492182695,1,7739.913781527625,14,1,1,0,0,2
241088.91082555393,1,7729.214818761151,3,1,0,0,0,0
266762.12684324133,1,5212.96047654139,6,1,1,0,0,2
26859.944874391025,1,9760.138232792136,6,0,0,0,0,0
168965.53481876638,1,1255.5021476265338,5,1,1,1,1,1
68072.92379254814,1,169.47664889580994,7,1,0,0,0,0
32624.110265911106,1,7701.58211757096,3,1,0,0,0,0
494990.1559625827,0,8071.5553736488255,9,1,1,1,0,2
161854.56864238676,1,1202.0722912057624,4,0,0,1,0,0
405127.3484814628,0,2655.8283295860606,3,0,0,0,1,0
128065.68672711817,1,175.5236336662891,11,0,0,0,0,0
341069.8583897407,1,2933.086107805647,0,1,1,0,0,2
380353.7020849536,0,7731.418739186715,11,0,0,0,0,0
298223.7315633143,0,5179.605277125789,7,0,1,0,0,0
236316.51808652902,1,3480.955931682881,0,0,0,1,0,0
206508.616159487,1,3717.3929490633027,4,1,0,1,0,0
175085.26500495465,0,13.536257154681541,14,0,1,0,1,1
464835.0429796651,1,2998.005275652359,5,0,0,0,1,0
415479.08448607684,0,6464.587416379305,5,0,1,0,0,0
482548.4284225898,1,9741.944438163571,12,0,1,0,0,0
63024.31451928682,1,8470.608269838995,4,0,0,0,0,0
365702.8701266185,0,235.94964645529126,2,0,0,1,1,0
469231.8879536979,0,8985.606046748393,14,0,0,1,1,0
91435.30001666442,0,7831.984132986259,4,1,1,1,1,2
34181.63741602197,1,7803.761235709804,11,1,1,1,0,2
370819.20399573946,0,4579.957590035715,7,0,0,0,0,0
287662.083476776,1,3980.0529295450283,13,1,0,1,1,1
421072.55960237776,0,3029.1572883319263,1,0,0,0,0,0
70746.41593651846,1,656.9485895436577,5,1,1,0,0,2
397838.3886180852,1,2282.353634936991,8,1,0,1,0,0
101612.03270382452,1,2466.0363497802464,7,0,0,0,0,0
82664.31548998655,1,4840.770697102016,13,0,0,1,0,0
82968.63316756548,1,7474.44406596694,10,0,1,0,0,0
407472.7853954597,1,4738.098283979466,7,0,0,1,0,0
332933.4131274039,1,578.444494471606,7,1,0,1,1,1
262009.64695979055,1,9577.89800988204,14,0,0,1,0,0
180056.41157762773,0,9427.243190941123,12,0,0,1,0,0
438723.069865741,1,7851.895431484084,6,0,1,0,0,0
196830.10860389506,1,9913.279015642205,7,0,1,1,0,2
408483.120296317,0,5444.823328002629,12,0,0,1,0,0
220128.319376539,1,9627.68350253206,5,0,0,1,0,0
189095.2702830289,1,756.0504061675077,1,1,0,1,0,0
231877.2130491336,1,3656.807482613713,1,0,0,1,0,0
151387.5592079069,1,2253.812680067658,7,0,1,1,1,1
374057.0807079493,1,1958.3308413427003,10,1,0,1,0,0
251857.4746561471,0,1408.029488926761,0,0,0,1,0,0
116874.13487826183,1,6224.136415659967,5,1,0,1,0,0
449887.7120640097,1,7813.21855747305,12,1,0,0,1,1
192561.71946523248,0,5782.983994203607,5,0,0,0,0,0
272232.8776958803,0,1469.6270958820967,10,0,0,0,1,0
453329.5833713089,1,8111.237699334709,3,0,0,0,1,0
312494.7599610821,0,6359.547071637285,11,0,1,0,1,1
59332.12231347367,1,3881.657061269955,10,0,0,1,1,0
469976.2296831241,0,6741.302955360629,12,0,0,0,0,0
314226.3184826375,0,2599.0497924283286,14,0,1,0,0,0
168117.90171388598,0,3451.922084942105,10,0,0,1,1,0
70496.76425903024,1,9174.858431319903,12,1,1,1,0,2
397218.5694458777,1,2905.045056714204,9,0,0,1,0,0
310416.30520832824,1,4699.882681579366,2,0,0,1,0,0
267197.08489618445,1,8901.411373960147,12,0,0,1,0,0
447052.3989424279,0,7077.213502675275,10,1,0,0,1,1
394510.00840104086,1,622.0322616470276,2,0,0,1,0,0
76685.76498664284,1,1473.0304427897033,14,1,1,1,0,2
156549.31182997857,1,78.41590771916817,14,0,0,0,1,0
124996.0807674184,0,6309.217902291634,12,1,0,0,1,1
372229.1999937658,1,4476.7342541041835,12,0,0,1,0,0
17732.684933153912,0,1342.7485090227553,0,0,0,0,0,0
285374.95275078696,1,9579.341210567705,2,0,0,1,0,0
381466.88418460457,1,5296.597239456199,3,0,0,0,0,0
438506.05274411297,1,2418.932941128892,10,0,1,1,0,0
171698.79260923783,1,5006.035711547075,10,0,1,1,0,2
410807.3950313344,1,6796.203327351078,4,1,0,0,0,0
56205.236740648405,1,762.3921797356447,2,1,0,0,0,0
423379.69357552455,1,2747.0381504789198,5,0,1,1,0,0
64616.84250365922,1,8069.654908839936,10,0,1,1,0,2
199246.35798962327,1,4596.648704026612,13,0,0,1,0,0
398850.3875239973,1,5465.771420322949,14,1,1,0,0,2
75808.79624703812,1,4328.160022094693,11,0,0,1,0,0
115396.4462210881,1,438.9994264300512,4,1,1,0,0,2
361404.0316281401,1,1657.4977982015594,2,0,0,0,0,0
360298.2317364911,0,4455.416387418909,5,0,0,0,1,0
320932.66880976333,1,2091.854654079278,5,1,1,1,0,2
347280.2737890829,0,499.7902865967874,14,1,0,0,0,0
271819.4972304505,1,8436.496640518237,13,0,0,0,0,0
126647.73039456943,1,9811.925291641159,7,0,0,1,1,0
173502.3007584558,1,7931.428739967394,1,1,1,1,0,2
91617.2606839114,1,8537.84921704667,0,0,1,0,0,0
454316.83010548056,1,2419.771303170454,3,1,1,0,0,2
292112.5055882941,1,9606.269755131998,6,0,0,0,0,0
201024.8569650563,1,1969.2570445342838,14,1,1,0,1,1
231540.8960184222,0,9514.298103618323,10,1,0,1,0,0
473694.38646629587,1,9948.19293965951,9,0,0,0,0,0
77522.35015492402,0,7117.228057460487,2,1,1,1,0,2
293528.68617638183,1,9811.437317918218,2,0,0,1,0,0
253438.45076334852,1,5695.397795671037,4,0,0,0,0,0
306115.6634818893,1,2595.4178317609035,4,0,0,1,0,0
10036.981726599413,0,4369.958856656209,12,0,0,0,0,0
436189.8305631316,0,5935.60935378786,9,1,1,0,0,2
466127.0229593226,1,730.8156202701499,2,0,0,0,0,0
283001.4586110153,0,6223.432646172461,8,0,1,0,1,1
348628.76111456926,0,9811.778367622945,3,0,0,0,0,0
461327.19120747055,0,1901.0764978372763,12,0,0,0,1,0
353912.0785223859,1,7925.951162883833,12,0,0,1,0,0
77116.98241421641,1,9078.987937796193,14,1,1,1,1,2
288567.8917232398,1,9437.015928202209,2,1,0,1,0,0
303750.80814504507,0,9601.356044054472,10,1,1,0,0,2
212641.20497989064,1,5214.5963872147195,1,0,0,1,1,0
368485.6735767367,1,9773.079079915036,9,0,0,1,0,0
467249.1403697384,1,7573.102071344389,12,0,0,1,0,0
462858.6879404814,0,1616.714362369619,10,0,1,1,0,0
225968.8463306619,0,4769.0010646797,8,0,1,1,0,2
57505.78487453687,0,7183.31175372004,3,0,0,0,0,0
492435.758282205,1,2473.4031581908334,2,0,0,1,0,0
419610.14513652114,1,6406.151835488874,6,1,0,0,0,0
63206.67792043016,0,6666.004790466192,7,0,1,1,0,2
460500.0994260688,0,1626.9974380856588,10,0,0,0,0,0
435078.284669002,0,5650.853124527563,13,0,1,0,0,0
259900.19050591,1,7716.269109786077,1,0,1,0,0,0
296046.4424367197,0,4988.956645359419,6,1,0,1,1,1
200102.349231195,1,121.03116776107426,11,0,1,0,0,0
28326.057772193635,1,90.38469079292177,4,0,0,0,0,0
168263.42358130455,1,3570.293439700122,14,0,0,1,0,0
401623.8708504077,0,9261.94068431782,10,0,0,1,0,0
3311.3794792968265,0,2286.767796036088,4,0,0,0,0,0
167416.08667388096,1,6343.636888716872,2,1,1,0,0,2
199686.1781018807,1,2220.7587069332058,4,1,0,1,0,0
269160.4058660235,1,3216.6998965954863,11,1,0,1,0,0
460007.95258996746,1,8480.420896014839,1,0,0,1,0,0
173826.65118861466,0,7288.614422699468,3,1,0,1,0,0
174129.6477462176,1,953.9927731321063,5,0,0,0,0,0
369013.12280676444,1,4287.020209864336,0,0,0,1,0,0
226656.75250401377,0,291.6976364526447,9,1,0,1,1,1
113077.806647051,1,4808.90146603009,3,0,1,1,0,2
226767.318550214,1,6624.340117010681,5,0,1,0,0,0
71287.65316952013,1,1185.0262359815156,8,1,0,1,0,0
89017.10626660543,1,2888.8493890916566,13,0,1,1,0,0
249685.5185970004,1,3978.3662550215695,10,0,0,0,0,0
210043.79930276942,1,9195.310246560497,10,0,0,1,0,0
457508.10463298194,0,9932.55015422964,12,1,0,1,0,0
181834.55565919992,1,449.1129899561586,1,1,0,1,0,0
290713.5867887437,1,7610.079234953921,10,1,0,1,0,0
316499.87967184564,0,3717.240664023432,6,0,1,1,0,2
7534.133837578484,1,3924.5818622948004,5,0,0,1,0,0
332105.1486363386,1,7542.649733470227,1,0,1,0,0,0
89839.94746800596,1,9184.264321454086,7,0,0,0,0,0
480574.0884172581,1,9509.285945025484,6,0,1,0,0,0
75182.70114880336,1,5771.225860383208,10,0,0,1,0,0
207897.43773978483,0,3571.211593005028,4,0,0,1,1,0
43589.484371243285,0,7875.490858587793,11,1,0,1,0,2
498440.25167112774,0,2510.0138326230026,4,0,0,1,0,0
251595.31015529006,1,5640.740288335178,6,0,0,1,0,0
298097.12364270183,1,3585.784615248732,8,0,1,1,1,1
34471.162216825316,0,6566.310737078761,10,1,0,0,0,0
375230.2747291897,1,2403.989128935069,14,1,1,1,0,1
105742.8909546973,1,1915.9294573482578,8,1,0,0,0,0
449129.09043091617,1,9182.390866754371,8,1,1,1,0,2
103364.68060052158,1,1018.036829495369,5,0,0,1,0,0
96153.17261116962,0,5059.579077349316,9,0,0,1,0,0
19238.284256199346,1,2208.5278296300894,5,0,1,0,0,0
236561.40560988963,1,389.2996332566745,2,0,0,0,0,0
282855.7254980456,1,360.1881829142639,0,0,0,1,1,0
33788.61107474783,1,1752.2177210582734,6,0,0,1,0,0
387988.2807308103,1,8667.703545060003,3,1,0,0,0,0
227191.12853926577,1,2824.7874397702667,0,1,0,1,0,0
262670.74439446244,0,9504.591705752957,14,1,1,0,0,2
220940.61072217586,1,5816.222929891936,7,1,0,1,0,0
200980.76737678767,1,4366.141897687661,11,1,0,1,0,0
280260.52532280074,1,5800.888346694546,5,0,0,1,0,0
78464.88271942554,0,5166.983852262678,5,0,0,1,0,0
91782.13711714029,0,7587.762537573251,1,1,0,1,0,0
431031.02488574514,0,2824.960659728523,14,1,1,1,0,1
473111.6156046827,1,3530.5039160030237,0,0,0,0,0,0
187281.34882359672,1,8940.943025332508,12,1,1,0,0,2
136101.59189863334,0,9464.565131504054,13,0,0,0,0,0
322355.77207626886,1,8925.582274864744,13,0,0,1,0,0
204958.3513779501,1,4194.479939573136,1,1,0,0,0,0
13667.791474512085,1,7803.655030068817,3,0,0,0,0,0
78920.146085729,1,4763.3573330109875,1,0,0,0,0,0
358270.14219485136,1,4975.398521461022,0,0,0,0,0,0
329803.04701316555,1,2046.8010905728395,6,1,1,0,0,1
14520.900259238262,0,5911.303032585164,10,0,0,1,1,0
111764.10880454177,1,1861.3589775334794,10,1,1,1,0,1
116306.32349744762,1,3315.6469906719376,14,0,0,1,0,0
336274.4790557655,1,8550.302016199352,11,0,1,1,0,2
10835.558339427713,1,2070.7580921085523,7,1,1,0,0,2
52950.18241030235,1,711.5828517343281,5,0,0,1,0,0
400158.1266012215,0,690.075926128163,3,1,1,0,0,2
90093.78636511248,1,9407.845205031079,13,0,0,0,0,0
326720.3078180855,0,5069.204379618346,5,1,1,1,0,2
119853.20774231653,0,4094.1207181701834,2,0,0,0,0,0
50621.254986913234,1,8108.785810079185,11,0,0,1,0,0
122342.9233087276,1,8358.25927910516,7,0,1,0,0,0
361411.1989959739,0,3321.910331156046,9,0,0,1,0,0
427992.5375850366,1,6936.180574737952,13,1,0,0,1,1
415279.7124189288,1,7711.228158518866,12,0,1,0,0,0
199194.58127960894,0,6546.506868659545,12,0,0,1,0,0
334374.4831487524,1,1515.9507480009938,1,0,0,0,0,0
103287.16341249466,1,8758.830835170571,4,0,0,0,0,0
147280.71740024563,1,5390.945527360087,0,1,0,0,1,1
448271.5734420388,0,2824.7242637000368,5,0,1,1,1,0
7487.959831857282,1,4252.281854376939,1,1,0,1,0,2
43668.75689637957,1,375.7109039890738,3,1,0,0,1,1
104735.24131786764,1,1278.6680122241755,5,1,0,1,0,0
14239.569733036038,0,7655.467505158608,9,0,1,1,0,2
91536.28210980886,1,0.11634755366141114,10,1,0,1,1,1
291937.7389238764,0,4165.658284822922,7,1,0,1,0,0
211290.85074565647,1,5225.101810855885,11,1,1,0,0,2
446443.18382741045,0,546.344200009723,7,0,0,1,0,0
408904.337307482,1,9730.78162972333,10,1,0,0,1,1
171566.85849724011,1,2261.2533124967194,5,1,0,0,0,0
130452.29328221495,1,3041.987196362809,3,1,0,1,1,1
190466.51167546617,0,3039.4251225502735,7,0,0,1,0,0
295557.17631488905,1,2304.166621173499,12,0,0,0,0,0
134763.75677061526,1,14.73822086311416,7,1,1,0,1,1
312450.3050167179,1,7293.447940879963,9,0,0,1,0,0
205296.41444342898,1,9668.454997992854,13,1,1,0,1,1
276471.54324513813,1,2242.9348328504507,0,0,0,0,0,0
218627.13803852303,1,6630.4719180342245,3,0,1,0,0,0
147938.41401141693,1,7418.963269587151,3,0,1,0,0,0
474278.2001741162,1,8484.253790905248,6,0,0,1,0,0
382039.29128572065,1,4226.291970136092,13,1,0,0,0,0
70916.47470745983,1,3029.3090564042923,13,1,0,1,1,1
434365.5199730585,1,3252.951340230311,10,1,1,0,1,1
244228.1679265073,0,7126.213330985129,6,0,1,1,0,2
447381.5612201516,1,8167.794665056361,12,1,0,1,1,1
400127.7727177103,1,1816.1396775660266,10,1,0,1,1,1
213181.5387301475,1,3709.410081577652,14,0,0,1,0,0
12212.184851738582,0,9019.4019674915,7,0,1,1,0,2
135070.00233308808,1,8066.935196947393,10,1,0,0,1,1
271275.4731157726,1,9848.584027624758,4,1,0,1,0,0
317105.6316932475,1,7542.482596820808,6,1,0,1,1,1
129685.95503116793,0,3931.9520102792226,7,0,0,0,1,0
70538.68096233925,1,5906.378339946377,14,1,1,0,1,2
417630.1881628503,1,6610.142542473203,8,0,0,1,0,0
492216.6881710725,1,784.5581631712395,2,0,0,1,0,0
263319.40096904023,1,5444.969591038651,2,0,0,0,0,0
86667.96363830345,1,7093.208284726095,3,0,0,0,0,0
136881.35593316512,1,1673.213040010604,4,0,0,1,0,0
10176.9475971859,0,7806.317174255571,9,0,1,1,0,2
457235.104473689,1,5837.727805141117,0,1,1,1,0,2
59757.79036218043,1,9522.217856975947,14,1,0,1,1,1
288681.7212816125,0,424.22298206891696,14,0,0,1,0,0
137753.5551229158,0,2653.2613755546695,6,1,1,1,0,1
277534.8232553809,1,6015.538792998241,8,0,0,1,0,0
326058.77378758026,1,2965.599122059307,7,0,0,1,0,0
415041.1600498936,1,7144.241640712422,14,1,1,1,0,2
104004.214608541,1,7590.05282521931,14,0,1,0,0,0
6486.918500581758,1,1025.1596406647445,4,0,1,0,0,0
69305.92940433483,1,5138.544642067677,13,0,1,1,0,2
450109.30228220444,0,5088.905555910559,13,0,1,0,0,0
437071.1487036951,1,3692.807702155411,3,1,0,0,1,1
299109.13798298384,1,9329.24862569672,11,0,0,0,1,0
300657.91335639305,0,8275.063198732212,6,0,0,1,1,0
332853.3005985815,0,6972.093819096368,4,0,0,0,1,0
88510.26803310134,1,7143.266357349976,6,1,0,0,1,1
457291.56101655494,1,4617.161438131191,11,0,0,0,1,0
209966.49192114448,1,9209.94521096576,0,1,0,1,0,0
192186.12559649925,1,6945.954272532854,0,0,0,0,0,0
259939.93493613592,1,7289.810616558165,9,0,0,0,0,0
24436.01742075247,1,8616.909037873453,13,0,0,0,0,0
83975.40100928363,1,2740.71589342191,12,0,0,1,0,0
369278.7745967588,1,8070.70903866703,2,0,1,0,0,0
42316.53529463811,0,1952.4060295649203,13,0,0,0,1,0
301972.9026237277,1,3453.4195224488785,10,1,0,1,1,1
123429.20573097916,1,3356.104542698427,1,0,1,1,0,2
195258.5114069463,1,9785.254683891406,1,1,0,1,0,0
145058.17464857924,1,8565.372237479269,6,0,0,1,1,0
178480.68551600963,1,7011.698615902597,11,0,0,1,0,0
359803.9066869385,0,7270.567616153901,9,0,0,0,0,0
149263.73609596433,1,5620.727944025711,1,1,1,1,0,2
283635.9155081517,1,9470.906671085191,10,0,0,0,0,0
238549.15069735073,0,4962.587528823616,3,0,0,1,0,0
332171.9115159614,0,3805.1770986989454,1,0,0,0,1,0
468478.0399230542,1,1630.35336931591,5,0,0,0,0,0
366553.4765079149,0,7862.05652261058,7,0,0,1,0,0
108255.24891678762,1,7344.439320755914,9,0,0,0,0,0
16560.38439558105,0,3843.550385241349,3,0,0,1,0,0
131869.7581056127,1,251.9341395922936,14,0,0,0,1,0
297943.88741942716,0,8389.973277180106,4,1,0,0,0,0
26661.480928640925,1,114.17983454073632,3,0,0,1,0,0
248686.75735341694,1,7036.9977962905095,2,0,0,1,0,0
298824.5816095277,1,9702.57109726057,4,0,1,1,0,2
167787.70151766346,0,4376.613281482035,13,1,0,0,0,0
385685.1896691651,1,2349.7340499595275,8,0,0,1,0,0
54192.52831375213,1,7048.710100433817,7,0,0,1,0,0
38493.753086168574,1,8171.281420155851,7,0,0,1,0,0
364366.18934559805,0,5464.303160778473,7,0,1,0,0,0
248250.16678689304,0,9670.352752561463,11,0,0,1,1,0
344512.79581744026,1,516.687216579611,7,1,1,1,1,1
217978.84196326937,1,5047.955983045282,6,1,0,1,0,0
123954.6145863143,1,7184.539473225501,7,1,1,1,0,2
409732.05651942565,1,8626.40471149179,10,0,0,1,0,0
399908.52360552066,1,1792.5561190779006,13,0,1,0,1,1
347653.53895635897,0,8000.034817636814,7,0,0,0,0,0
136800.42347775138,1,5527.070757185453,12,0,0,1,0,0
295525.1027676745,0,3965.536819899632,13,0,0,0,0,0
181125.97457307338,1,1317.1502857909356,7,1,0,0,1,1
46699.45458999044,1,8652.957589089125,11,0,1,0,0,2
458739.47415565915,1,1572.7320817971536,9,0,0,0,0,0
69272.49682856174,0,3097.8785920909922,6,0,0,1,0,0
475168.4395565804,0,2900.4553196243687,11,0,0,1,0,0
223556.8807060199,0,8714.140341908544,0,0,0,0,0,0
